"gender","name","location","email","login","dob","registered","phone","cell","id","picture","nat"
"male","{""title"":""mr"",""first"":""gabe"",""last"":""perez""}","{""street"":""2823 highfield road"",""city"":""salford"",""state"":""south yorkshire"",""postcode"":""OL57 9GW""}","gabe.perez@example.com","{""username"":""smalllion505"",""password"":""victor"",""salt"":""GeIt229u"",""md5"":""e331f87429a42eae61e14cac16faa129"",""sha1"":""5aea7abe59c3e0c43694954190cc7841d6bb1589"",""sha256"":""ffa0c77392ca40beaeb6f8c940568e7cacb180cdf147d5ea0d72c98f1421b041""}","1978-07-01 18:29:40","2016-03-14 05:53:45","017687 30704","0796-992-625","{""name"":""NINO"",""value"":""XX 44 53 72 P""}","{""large"":""https://randomuser.me/api/portraits/men/47.jpg"",""medium"":""https://randomuser.me/api/portraits/med/men/47.jpg"",""thumbnail"":""https://randomuser.me/api/portraits/thumb/men/47.jpg""}","GB"
"female","{""title"":""miss"",""first"":""julia"",""last"":""fowler""}","{""street"":""1326 alexander road"",""city"":""glasgow"",""state"":""west sussex"",""postcode"":""M96 5DD""}","julia.fowler@example.com","{""username"":""yellowduck827"",""password"":""gators"",""salt"":""dtbSvjnH"",""md5"":""eb2eab4d52a4fe6198afaa3f3a3c925f"",""sha1"":""237b5b4d127ea7e39f7843fdbcc2d180f835cb86"",""sha256"":""a40171ebae633833d40f5cf7c179240a357a3ff6672c7d5e48b3ddfdea2589cd""}","1949-04-05 03:25:01","2010-03-08 12:39:35","013873 91397","0786-056-743","{""name"":""NINO"",""value"":""OH 71 00 62 T""}","{""large"":""https://randomuser.me/api/portraits/women/80.jpg"",""medium"":""https://randomuser.me/api/portraits/med/women/80.jpg"",""thumbnail"":""https://randomuser.me/api/portraits/thumb/women/80.jpg""}","GB"
"female","{""title"":""miss"",""first"":""paula"",""last"":""jung""}","{""street"":""3038 breslauer straße"",""city"":""bad doberan"",""state"":""saarland"",""postcode"":26537}","paula.jung@example.com","{""username"":""purpledog292"",""password"":""british"",""salt"":""99TuWZX0"",""md5"":""05502d5f463722fca02ff3f5b090baf5"",""sha1"":""11d56d5bf949d57dd44a852fa048350bda9cff1d"",""sha256"":""30c97f0953a0a2cdeff263bc56084541d7b9c0b4454e655b25577ec35e5a15c4""}","1963-01-05 01:17:47","2009-04-19 23:51:14","0655-2636809","0172-7887396","{""name"":"""",""value"":null}","{""large"":""https://randomuser.me/api/portraits/women/91.jpg"",""medium"":""https://randomuser.me/api/portraits/med/women/91.jpg"",""thumbnail"":""https://randomuser.me/api/portraits/thumb/women/91.jpg""}","DE"
"male","{""title"":""mr"",""first"":""ricardo"",""last"":""johnston""}","{""street"":""6649 wheeler ridge dr"",""city"":""gainesville"",""state"":""south dakota"",""postcode"":15272}","ricardo.johnston@example.com","{""username"":""bluedog496"",""password"":""boytoy"",""salt"":""x8GdRfeu"",""md5"":""08beea53e35781d316d5fdb6446f3bd4"",""sha1"":""2acb96630e04cfcc0b30cd0c5f8ebb19e7b642ba"",""sha256"":""7f86c3e62751ed9ad3a03ea6bf69388706f1ef5cb2d289165f2221a27497f7af""}","1994-07-26 20:35:32","2011-03-11 15:41:26","(396)-016-8633","(193)-579-0757","{""name"":""SSN"",""value"":""203-08-5511""}","{""large"":""https://randomuser.me/api/portraits/men/95.jpg"",""medium"":""https://randomuser.me/api/portraits/med/men/95.jpg"",""thumbnail"":""https://randomuser.me/api/portraits/thumb/men/95.jpg""}","US"
"female","{""title"":""mrs"",""first"":""kristin"",""last"":""böhme""}","{""street"":""8221 neue straße"",""city"":""bayreuth"",""state"":""nordrhein-westfalen"",""postcode"":27735}","kristin.böhme@example.com","{""username"":""redtiger881"",""password"":""tuan"",""salt"":""drD4EW3V"",""md5"":""85896a3f38ca7fb0edb1902481e0776d"",""sha1"":""c18e69b2b3c10aedb4a096f97a15eb04b2357639"",""sha256"":""91ab0352a008c830b5c0ffd91c9c5ee44f7f401849d45226c17f6c3764b7c9ca""}","1965-03-24 17:33:06","2011-03-30 11:13:50","0205-4186777","0173-6518033","{""name"":"""",""value"":null}","{""large"":""https://randomuser.me/api/portraits/women/67.jpg"",""medium"":""https://randomuser.me/api/portraits/med/women/67.jpg"",""thumbnail"":""https://randomuser.me/api/portraits/thumb/women/67.jpg""}","DE"
"male","{""title"":""mr"",""first"":""lewis"",""last"":""miles""}","{""street"":""4040 st. john’s road"",""city"":""portsmouth"",""state"":""strathclyde"",""postcode"":""FD2 5BE""}","lewis.miles@example.com","{""username"":""blackmouse527"",""password"":""dayton"",""salt"":""dHnkOm85"",""md5"":""a7679a435b627a445bab9e352b1cf6d2"",""sha1"":""303fa32b5599cacbfde3f12daa81c5fc43939c65"",""sha256"":""f4d1328e93448df7d65f1daaf6fc5814889337b5cedc4fe94681d54c51038939""}","1988-10-10 21:57:51","2014-03-27 18:01:04","01056 656656","0741-304-774","{""name"":""NINO"",""value"":""AL 27 74 66 S""}","{""large"":""https://randomuser.me/api/portraits/men/38.jpg"",""medium"":""https://randomuser.me/api/portraits/med/men/38.jpg"",""thumbnail"":""https://randomuser.me/api/portraits/thumb/men/38.jpg""}","GB"
"female","{""title"":""mrs"",""first"":""tracey"",""last"":""moreno""}","{""street"":""7119 york road"",""city"":""edinburgh"",""state"":""mid glamorgan"",""postcode"":""VY4 8RG""}","tracey.moreno@example.com","{""username"":""heavyleopard171"",""password"":""pooppoop"",""salt"":""vSUXnMcC"",""md5"":""6829adc411d9724bbb87ec112248c8b5"",""sha1"":""ef84b95fffbc93a1231a1a772d8dd8edd153e5b1"",""sha256"":""470515317de53506150568f1bdb6c5731da9006704c49ad791e109bacd41c710""}","1978-07-21 20:12:40","2014-05-05 19:34:48","017683 55971","0742-530-208","{""name"":""NINO"",""value"":""RH 82 10 13 I""}","{""large"":""https://randomuser.me/api/portraits/women/2.jpg"",""medium"":""https://randomuser.me/api/portraits/med/women/2.jpg"",""thumbnail"":""https://randomuser.me/api/portraits/thumb/women/2.jpg""}","GB"
"male","{""title"":""mr"",""first"":""ethan"",""last"":""mason""}","{""street"":""3346 grange road"",""city"":""aberdeen"",""state"":""rutland"",""postcode"":""F47 2AW""}","ethan.mason@example.com","{""username"":""smallbear816"",""password"":""judith"",""salt"":""nzMVDKkV"",""md5"":""503cd476c4bb7d5085e5e108ec8ca986"",""sha1"":""79065d23f6ee6149cc1ab750d0bdab9c76d66725"",""sha256"":""6516561f8b7f38dbf552dce1f2696f6d9e68f511e3db24d9220add0ecfa236bc""}","1954-04-19 18:43:07","2007-09-05 12:03:12","017687 79047","0748-089-618","{""name"":""NINO"",""value"":""MK 80 06 32 P""}","{""large"":""https://randomuser.me/api/portraits/men/9.jpg"",""medium"":""https://randomuser.me/api/portraits/med/men/9.jpg"",""thumbnail"":""https://randomuser.me/api/portraits/thumb/men/9.jpg""}","GB"
"male","{""title"":""mr"",""first"":""albert"",""last"":""stevens""}","{""street"":""1336 london road"",""city"":""chichester"",""state"":""suffolk"",""postcode"":""V8 8QQ""}","albert.stevens@example.com","{""username"":""orangeduck569"",""password"":""devo"",""salt"":""hpsC1F4i"",""md5"":""ecfc22256d409901b93b5079d36628f5"",""sha1"":""47f78b7fe164028385ebb277b8781afe7ae48e1e"",""sha256"":""25e5dc04e9735c224bd749d616a7dd2d787b06f940fd1f74dd967df08e5764b6""}","1987-01-21 04:03:22","2007-08-10 12:30:54","016973 00902","0716-129-339","{""name"":""NINO"",""value"":""GP 85 67 47 B""}","{""large"":""https://randomuser.me/api/portraits/men/74.jpg"",""medium"":""https://randomuser.me/api/portraits/med/men/74.jpg"",""thumbnail"":""https://randomuser.me/api/portraits/thumb/men/74.jpg""}","GB"
"male","{""title"":""mr"",""first"":""marshall"",""last"":""hayes""}","{""street"":""4106 the drive"",""city"":""salisbury"",""state"":""cumbria"",""postcode"":""LN9L 4PA""}","marshall.hayes@example.com","{""username"":""orangepeacock255"",""password"":""babyface"",""salt"":""IglmwmYs"",""md5"":""7d144aba72857ac73ae27cd1b8802ef0"",""sha1"":""2497c86842c2eeed15ece02e48a939385717c4a3"",""sha256"":""1cbf5f80d0b972692965d34c2d7f4fcaf8d0a0f25be9914041395a559b8c215d""}","1953-12-05 16:25:47","2012-01-27 14:23:02","0191 512 9641","0765-541-353","{""name"":""NINO"",""value"":""JT 50 02 25 H""}","{""large"":""https://randomuser.me/api/portraits/men/92.jpg"",""medium"":""https://randomuser.me/api/portraits/med/men/92.jpg"",""thumbnail"":""https://randomuser.me/api/portraits/thumb/men/92.jpg""}","GB"
"male","{""title"":""mr"",""first"":""roy"",""last"":""ferguson""}","{""street"":""7892 park avenue"",""city"":""wolverhampton"",""state"":""gwent"",""postcode"":""NU02 7RR""}","roy.ferguson@example.com","{""username"":""whitepanda578"",""password"":""armada"",""salt"":""fZq6L4ma"",""md5"":""752130e208b33815c4c3a4447d885915"",""sha1"":""fa699f403cc69ab3192d71d2f45d379b5a604431"",""sha256"":""b6bf538a2908b4dc15efd9207e4e083fcb33bd35337f7a338bd9b9670e7181ae""}","1967-06-29 22:11:25","2003-10-07 09:48:21","015396 18790","0756-899-585","{""name"":""NINO"",""value"":""NX 47 28 41 P""}","{""large"":""https://randomuser.me/api/portraits/men/15.jpg"",""medium"":""https://randomuser.me/api/portraits/med/men/15.jpg"",""thumbnail"":""https://randomuser.me/api/portraits/thumb/men/15.jpg""}","GB"
"male","{""title"":""mr"",""first"":""pascal"",""last"":""stephan""}","{""street"":""9098 dorfstraße"",""city"":""schwandorf"",""state"":""sachsen-anhalt"",""postcode"":48575}","pascal.stephan@example.com","{""username"":""bluemeercat529"",""password"":""nimitz"",""salt"":""MwWPX4hB"",""md5"":""06cfdfcaceed318a6405ba74509f752a"",""sha1"":""f2e2210a37da20e481486864f6c5f1c3803d7e5a"",""sha256"":""a4430aad58c84c30b28c6d866b8d0397182a2fef0bec22bc2ba737ee106a96f9""}","1991-04-19 11:20:33","2003-11-25 15:30:57","0862-9931455","0174-6196744","{""name"":"""",""value"":null}","{""large"":""https://randomuser.me/api/portraits/men/88.jpg"",""medium"":""https://randomuser.me/api/portraits/med/men/88.jpg"",""thumbnail"":""https://randomuser.me/api/portraits/thumb/men/88.jpg""}","DE"
"male","{""title"":""mr"",""first"":""clayton"",""last"":""willis""}","{""street"":""7900 school lane"",""city"":""city of london"",""state"":""somerset"",""postcode"":""V51 2WN""}","clayton.willis@example.com","{""username"":""greenlion279"",""password"":""qazxsw"",""salt"":""2hTkRC8S"",""md5"":""96563021bbe32d8677ad9d4ba84e24b3"",""sha1"":""b474812e2c16a167e47edbe9561bc372cd57bc2a"",""sha256"":""eea01503fd9840a4639d91cc11e85d628f689cefc78b21214a2e97fc5ec90ba7""}","1968-05-31 19:09:12","2004-08-31 15:51:55","016977 5624","0747-922-364","{""name"":""NINO"",""value"":""YG 75 87 03 C""}","{""large"":""https://randomuser.me/api/portraits/men/32.jpg"",""medium"":""https://randomuser.me/api/portraits/med/men/32.jpg"",""thumbnail"":""https://randomuser.me/api/portraits/thumb/men/32.jpg""}","GB"
"female","{""title"":""miss"",""first"":""verena"",""last"":""weber""}","{""street"":""5478 rosenstraße"",""city"":""bielefeld"",""state"":""mecklenburg-vorpommern"",""postcode"":92977}","verena.weber@example.com","{""username"":""bigswan441"",""password"":""change"",""salt"":""qNuACqTd"",""md5"":""3904dfc9ea24e71fad3490736ca4382f"",""sha1"":""0074934c6a8c57445892697f8ef70672e9a3eb05"",""sha256"":""5013b052ca57ad26065e6277cac62d91febf0c33d738efcb3565433abb6ec2b1""}","1989-11-25 08:08:26","2013-11-10 02:11:37","0350-7495005","0170-4346083","{""name"":"""",""value"":null}","{""large"":""https://randomuser.me/api/portraits/women/45.jpg"",""medium"":""https://randomuser.me/api/portraits/med/women/45.jpg"",""thumbnail"":""https://randomuser.me/api/portraits/thumb/women/45.jpg""}","DE"
"female","{""title"":""miss"",""first"":""heather"",""last"":""pena""}","{""street"":""7958 george street"",""city"":""edinburgh"",""state"":""nottinghamshire"",""postcode"":""EQ12 4BG""}","heather.pena@example.com","{""username"":""bluedog365"",""password"":""gaston"",""salt"":""DkreAMMa"",""md5"":""fa2a79689b1725c0a041511bb0436943"",""sha1"":""98f43d17fa34c3a2c38cc2b87a6271bb8ee1d036"",""sha256"":""e06f986fe376698bb7c7bcb5d487c7f4b6279787df94a3e256ea424d7368f770""}","1983-09-03 11:31:58","2010-10-02 13:24:53","01228 05854","0703-616-894","{""name"":""NINO"",""value"":""PE 54 20 46 P""}","{""large"":""https://randomuser.me/api/portraits/women/0.jpg"",""medium"":""https://randomuser.me/api/portraits/med/women/0.jpg"",""thumbnail"":""https://randomuser.me/api/portraits/thumb/women/0.jpg""}","GB"
"female","{""title"":""miss"",""first"":""sarah"",""last"":""witt""}","{""street"":""7010 bergstraße"",""city"":""aurich"",""state"":""niedersachsen"",""postcode"":87929}","sarah.witt@example.com","{""username"":""ticklishbird596"",""password"":""sheba1"",""salt"":""RPvYRErF"",""md5"":""dbcf65d03830ca8b126225435f0e3e11"",""sha1"":""96122cac18b34ab763666156882496bac255790b"",""sha256"":""c3912cfb6a4380a6fc55e2abd1942b2b5647b1ae8d0ba298085553873309272d""}","1966-02-27 09:33:39","2008-06-27 21:12:15","0068-8881353","0176-3621830","{""name"":"""",""value"":null}","{""large"":""https://randomuser.me/api/portraits/women/79.jpg"",""medium"":""https://randomuser.me/api/portraits/med/women/79.jpg"",""thumbnail"":""https://randomuser.me/api/portraits/thumb/women/79.jpg""}","DE"
"female","{""title"":""ms"",""first"":""olivia"",""last"":""wirth""}","{""street"":""8895 marktplatz"",""city"":""nordfriesland"",""state"":""rheinland-pfalz"",""postcode"":73207}","olivia.wirth@example.com","{""username"":""beautifulsnake496"",""password"":""central"",""salt"":""JrqWw1T4"",""md5"":""b02c3583e0c28de26ac61b6edd994277"",""sha1"":""fde260e3a8d29514aa409c8b04aebff595bf23ec"",""sha256"":""2935b6eeb589b5f5fef8001a3b008d7351e78d09a8d7d5638f295b3356e49b73""}","1954-08-21 05:20:57","2003-05-29 14:00:48","0940-5717014","0170-2522043","{""name"":"""",""value"":null}","{""large"":""https://randomuser.me/api/portraits/women/3.jpg"",""medium"":""https://randomuser.me/api/portraits/med/women/3.jpg"",""thumbnail"":""https://randomuser.me/api/portraits/thumb/women/3.jpg""}","DE"
"female","{""title"":""miss"",""first"":""ella"",""last"":""diaz""}","{""street"":""8482 mcclellan rd"",""city"":""tallahassee"",""state"":""florida"",""postcode"":77920}","ella.diaz@example.com","{""username"":""bigbear881"",""password"":""samurai"",""salt"":""nxcJviid"",""md5"":""6a47a6c36dd4d63232e68921ee599572"",""sha1"":""19bf8949849ac2d7b20a8a20c14f21da1e10a532"",""sha256"":""36f5686f56ceca27d1c8aa1b9b325aad178c69ff7e64551f08541f3bd6bb7f6a""}","1954-06-02 02:26:32","2012-10-25 08:50:27","(906)-074-9489","(832)-816-2623","{""name"":""SSN"",""value"":""756-36-2658""}","{""large"":""https://randomuser.me/api/portraits/women/46.jpg"",""medium"":""https://randomuser.me/api/portraits/med/women/46.jpg"",""thumbnail"":""https://randomuser.me/api/portraits/thumb/women/46.jpg""}","US"
"female","{""title"":""ms"",""first"":""leah"",""last"":""graham""}","{""street"":""2531 the green"",""city"":""manchester"",""state"":""cambridgeshire"",""postcode"":""EG06 4YT""}","leah.graham@example.com","{""username"":""smallbear436"",""password"":""1234abcd"",""salt"":""ngbZchqc"",""md5"":""7c4fa8825019c705ca108cbaf0bde188"",""sha1"":""27337414d736b0da3f5ab62b67e8c0a2cf8c5bdf"",""sha256"":""863686c41b05bed3914f52ec780bc78639a35a21ecdbef94e90fa87c6c027019""}","1966-07-14 05:24:26","2008-08-31 02:48:33","019467 73289","0714-923-376","{""name"":""NINO"",""value"":""TR 14 77 12 Y""}","{""large"":""https://randomuser.me/api/portraits/women/63.jpg"",""medium"":""https://randomuser.me/api/portraits/med/women/63.jpg"",""thumbnail"":""https://randomuser.me/api/portraits/thumb/women/63.jpg""}","GB"
"female","{""title"":""miss"",""first"":""riley"",""last"":""king""}","{""street"":""1819 adams st"",""city"":""warren"",""state"":""pennsylvania"",""postcode"":98270}","riley.king@example.com","{""username"":""silvergorilla304"",""password"":""shirley"",""salt"":""5Yl8ylUs"",""md5"":""4602a8b0fb08a8f7fd0b104f5e55fa3b"",""sha1"":""8ada706d6fa237d8d92a3f5644107ed99331fe0f"",""sha256"":""37545310a763792146c95af68d0347bab688ccc4a40b581f42bac4de0a3dec9d""}","1991-03-15 12:03:17","2009-06-22 08:01:25","(850)-776-7544","(162)-330-8446","{""name"":""SSN"",""value"":""266-98-5054""}","{""large"":""https://randomuser.me/api/portraits/women/9.jpg"",""medium"":""https://randomuser.me/api/portraits/med/women/9.jpg"",""thumbnail"":""https://randomuser.me/api/portraits/thumb/women/9.jpg""}","US"
"male","{""title"":""mr"",""first"":""bruce"",""last"":""rice""}","{""street"":""4931 school lane"",""city"":""truro"",""state"":""northumberland"",""postcode"":""Y8V 1BA""}","bruce.rice@example.com","{""username"":""whitewolf420"",""password"":""bobcat"",""salt"":""cRVK7MCh"",""md5"":""c37d9e814593065b256bc72b23a7c2e0"",""sha1"":""1f77f3966def1859fcb28226ebea953912b5324c"",""sha256"":""6bdb10429fa475938955742b7b8f1cc9718ca61d5e9561494b41e3b3ee4c562f""}","1947-01-06 10:22:14","2004-05-02 08:41:01","017687 45372","0755-894-327","{""name"":""NINO"",""value"":""XK 96 79 35 P""}","{""large"":""https://randomuser.me/api/portraits/men/56.jpg"",""medium"":""https://randomuser.me/api/portraits/med/men/56.jpg"",""thumbnail"":""https://randomuser.me/api/portraits/thumb/men/56.jpg""}","GB"
"female","{""title"":""ms"",""first"":""mandy"",""last"":""holmes""}","{""street"":""3905 chester road"",""city"":""manchester"",""state"":""hertfordshire"",""postcode"":""Z9 7DU""}","mandy.holmes@example.com","{""username"":""organicbutterfly854"",""password"":""fortuna"",""salt"":""FmNc1lta"",""md5"":""727d37ff843ef47b6d56a53bfe68de4d"",""sha1"":""60f7c54647671f7d3b0e005133400e8f774e61c0"",""sha256"":""16366a16f9ce09dfe503ca8744e05cd5b3361ed64a46bfd7d54afe2e90caf89a""}","1950-10-17 18:21:27","2006-06-07 17:38:00","016977 9716","0752-738-323","{""name"":""NINO"",""value"":""NC 02 76 20 T""}","{""large"":""https://randomuser.me/api/portraits/women/89.jpg"",""medium"":""https://randomuser.me/api/portraits/med/women/89.jpg"",""thumbnail"":""https://randomuser.me/api/portraits/thumb/women/89.jpg""}","GB"
"male","{""title"":""mr"",""first"":""jon"",""last"":""miles""}","{""street"":""7647 stanley road"",""city"":""lisburn"",""state"":""derbyshire"",""postcode"":""RX8 1JN""}","jon.miles@example.com","{""username"":""tinybird778"",""password"":""salasana"",""salt"":""O5QDkzoG"",""md5"":""de14d7cf07680c9d3d8fb89cc78fb727"",""sha1"":""cac032c4b9d0d36d3efa650ee731e0db780976fc"",""sha256"":""522a4008702f96e3757653698265bcb09916b8556a379c65e7c5360e9beff867""}","1962-11-16 22:44:18","2014-02-24 23:05:22","016977 22357","0702-999-180","{""name"":""NINO"",""value"":""NH 49 18 27 N""}","{""large"":""https://randomuser.me/api/portraits/men/56.jpg"",""medium"":""https://randomuser.me/api/portraits/med/men/56.jpg"",""thumbnail"":""https://randomuser.me/api/portraits/thumb/men/56.jpg""}","GB"
"male","{""title"":""mr"",""first"":""chris"",""last"":""wolter""}","{""street"":""6150 goethestraße"",""city"":""kitzingen"",""state"":""sachsen"",""postcode"":44939}","chris.wolter@example.com","{""username"":""silverrabbit233"",""password"":""bosco1"",""salt"":""cRGJPrqD"",""md5"":""4a860b45ed0f033d4db826ab72a6f13f"",""sha1"":""39df3f0240bd968bea77cf21b1cdba84c232575a"",""sha256"":""a8a287bdfc28229a38f1fde80e5f36874fabca2e1293159862683d36b52fb535""}","1958-04-15 01:57:26","2007-05-14 06:30:01","0785-0742554","0176-0522595","{""name"":"""",""value"":null}","{""large"":""https://randomuser.me/api/portraits/men/98.jpg"",""medium"":""https://randomuser.me/api/portraits/med/men/98.jpg"",""thumbnail"":""https://randomuser.me/api/portraits/thumb/men/98.jpg""}","DE"
"male","{""title"":""mr"",""first"":""torben"",""last"":""petersen""}","{""street"":""9268 dorfstraße"",""city"":""biberach"",""state"":""thüringen"",""postcode"":31284}","torben.petersen@example.com","{""username"":""beautifulpeacock171"",""password"":""pa55word"",""salt"":""tJMoi6BD"",""md5"":""b101f7e45483b3c27f5c65a4e6af20a6"",""sha1"":""0a4ed83ea01f0fcba94643339b188e8a19cf4527"",""sha256"":""844d9f1607e07f5c6def35ecfb41b00c9181aad85cb8382c1adb9288d8e4618c""}","1962-08-26 11:52:27","2006-06-11 19:55:05","0719-9596919","0173-4227958","{""name"":"""",""value"":null}","{""large"":""https://randomuser.me/api/portraits/men/35.jpg"",""medium"":""https://randomuser.me/api/portraits/med/men/35.jpg"",""thumbnail"":""https://randomuser.me/api/portraits/thumb/men/35.jpg""}","DE"
"male","{""title"":""mr"",""first"":""clinton"",""last"":""lee""}","{""street"":""2199 fairview st"",""city"":""dumas"",""state"":""tennessee"",""postcode"":63280}","clinton.lee@example.com","{""username"":""biglion547"",""password"":""quentin"",""salt"":""rnkWpMix"",""md5"":""acb5310e831d4d26ec03e858594dfb0c"",""sha1"":""2644be48e21e52c518a11ca5a819eaea5ecc5d4c"",""sha256"":""6a464df58d1e296e100b0fa1a360363387b9dca3392a0b03fff65288a8a01f51""}","1977-12-11 04:23:20","2007-12-26 22:39:50","(799)-265-7153","(394)-933-5218","{""name"":""SSN"",""value"":""966-47-0124""}","{""large"":""https://randomuser.me/api/portraits/men/88.jpg"",""medium"":""https://randomuser.me/api/portraits/med/men/88.jpg"",""thumbnail"":""https://randomuser.me/api/portraits/thumb/men/88.jpg""}","US"
"female","{""title"":""mrs"",""first"":""eleanor"",""last"":""flores""}","{""street"":""8505 albert road"",""city"":""edinburgh"",""state"":""dorset"",""postcode"":""K8 3FN""}","eleanor.flores@example.com","{""username"":""crazypanda394"",""password"":""beaches"",""salt"":""6XXZCnPu"",""md5"":""2bdacedf817521b01f07db8ac42722ef"",""sha1"":""cb1a0bac6a992b26da2a24b4d127f06a2c1dcd4d"",""sha256"":""a76c5000ee32995bbda7e881e4836840d581c6fd05d4d8a7c5e4ae10337797aa""}","1951-10-25 18:42:26","2009-11-20 09:31:11","013873 86128","0749-516-410","{""name"":""NINO"",""value"":""MP 05 42 07 D""}","{""large"":""https://randomuser.me/api/portraits/women/18.jpg"",""medium"":""https://randomuser.me/api/portraits/med/women/18.jpg"",""thumbnail"":""https://randomuser.me/api/portraits/thumb/women/18.jpg""}","GB"
"female","{""title"":""mrs"",""first"":""sam"",""last"":""hansen""}","{""street"":""5995 grange road"",""city"":""stirling"",""state"":""wiltshire"",""postcode"":""V0Q 5JE""}","sam.hansen@example.com","{""username"":""beautifulgoose191"",""password"":""building"",""salt"":""zWU5unMN"",""md5"":""a2653ef0c639c9e68991ae75ebb19b26"",""sha1"":""dfb85857133d4ce1b7c142b648e258d563c366cf"",""sha256"":""5a2b46169b8a82a6e70d9760cabd277cf51f695d1021193002f07288c989760c""}","1978-06-06 17:50:49","2012-09-20 06:12:05","017683 43417","0736-111-848","{""name"":""NINO"",""value"":""ZH 84 06 62 L""}","{""large"":""https://randomuser.me/api/portraits/women/57.jpg"",""medium"":""https://randomuser.me/api/portraits/med/women/57.jpg"",""thumbnail"":""https://randomuser.me/api/portraits/thumb/women/57.jpg""}","GB"
"female","{""title"":""mrs"",""first"":""dolores"",""last"":""kelly""}","{""street"":""3788 plum st"",""city"":""thornton"",""state"":""utah"",""postcode"":22199}","dolores.kelly@example.com","{""username"":""greenpeacock537"",""password"":""knickers"",""salt"":""7bSg6vJV"",""md5"":""553599f53f9895807530fa02fe72f215"",""sha1"":""9e3ba6076990aed940a97cd5fad460af24607464"",""sha256"":""2873384affb3a380e070be60480744d5769354de24907cd6f5c327aaecfa7f87""}","1994-12-18 06:53:55","2007-03-09 03:05:24","(773)-369-1473","(754)-514-4498","{""name"":""SSN"",""value"":""097-43-0277""}","{""large"":""https://randomuser.me/api/portraits/women/36.jpg"",""medium"":""https://randomuser.me/api/portraits/med/women/36.jpg"",""thumbnail"":""https://randomuser.me/api/portraits/thumb/women/36.jpg""}","US"
"female","{""title"":""miss"",""first"":""charlene"",""last"":""reed""}","{""street"":""1681 avondale ave"",""city"":""coral springs"",""state"":""kentucky"",""postcode"":94883}","charlene.reed@example.com","{""username"":""silverbutterfly987"",""password"":""bronson"",""salt"":""m4WuGHAN"",""md5"":""f874fc88f0ba60601f7cfc4c22feb8d5"",""sha1"":""51c022d28db48d790fb2d1630c5c66015f1488fe"",""sha256"":""a5a83fc976646c64ff2a5c74fbeb555fd7f24a8bf38fb3e942a19ae6b089676b""}","1991-11-26 04:11:04","2009-05-10 14:10:55","(338)-046-0130","(743)-260-1213","{""name"":""SSN"",""value"":""273-97-2800""}","{""large"":""https://randomuser.me/api/portraits/women/57.jpg"",""medium"":""https://randomuser.me/api/portraits/med/women/57.jpg"",""thumbnail"":""https://randomuser.me/api/portraits/thumb/women/57.jpg""}","US"
"male","{""title"":""mr"",""first"":""nils"",""last"":""schwarz""}","{""street"":""4254 neue straße"",""city"":""plauen"",""state"":""sachsen-anhalt"",""postcode"":53478}","nils.schwarz@example.com","{""username"":""blackdog579"",""password"":""cameron1"",""salt"":""1iyAKNxF"",""md5"":""0efacce77c527ddccf90477be7fcf330"",""sha1"":""337eb5f5c0f306bff8d9546ac7b699f80d0a444b"",""sha256"":""c5b705c3b1808f3352b47c2124091dea839b21a815f831b4fb05c6150b41180e""}","1967-11-08 03:10:01","2002-06-13 08:58:44","0950-5953340","0178-7617213","{""name"":"""",""value"":null}","{""large"":""https://randomuser.me/api/portraits/men/44.jpg"",""medium"":""https://randomuser.me/api/portraits/med/men/44.jpg"",""thumbnail"":""https://randomuser.me/api/portraits/thumb/men/44.jpg""}","DE"
"female","{""title"":""miss"",""first"":""kimberly"",""last"":""johnson""}","{""street"":""3655 york road"",""city"":""westminster"",""state"":""shropshire"",""postcode"":""F0 9FU""}","kimberly.johnson@example.com","{""username"":""blackrabbit119"",""password"":""darrel"",""salt"":""GJrVr7aE"",""md5"":""0c4f2ca11ede1d4a43d40ec98231d298"",""sha1"":""4a88b1ce0c220e237235441e87f60fde6f2a0539"",""sha256"":""0adf999086e4a18ee50622bb7dd69e0cf0a670098dc1bcb150cf4d8517e4ea42""}","1992-09-25 13:54:27","2003-07-02 13:40:46","020 5261 6874","0770-923-780","{""name"":""NINO"",""value"":""JN 76 16 67 A""}","{""large"":""https://randomuser.me/api/portraits/women/14.jpg"",""medium"":""https://randomuser.me/api/portraits/med/women/14.jpg"",""thumbnail"":""https://randomuser.me/api/portraits/thumb/women/14.jpg""}","GB"
"female","{""title"":""ms"",""first"":""josefine"",""last"":""ulrich""}","{""street"":""6236 poststraße"",""city"":""minden-lübbecke"",""state"":""niedersachsen"",""postcode"":57567}","josefine.ulrich@example.com","{""username"":""purpleelephant783"",""password"":""springer"",""salt"":""bYg4kfSt"",""md5"":""5f1cc9f50861247a8869b528c19b6968"",""sha1"":""d8fd7d7e6964d58a142b2baff9dcb99d18b5ef82"",""sha256"":""0f1b05c686f6ee72e979b667cdb669feea29d146c60b6ceea216d679f80e12cb""}","1969-04-03 00:32:17","2014-05-16 18:05:56","0671-6673773","0171-2554751","{""name"":"""",""value"":null}","{""large"":""https://randomuser.me/api/portraits/women/36.jpg"",""medium"":""https://randomuser.me/api/portraits/med/women/36.jpg"",""thumbnail"":""https://randomuser.me/api/portraits/thumb/women/36.jpg""}","DE"
"female","{""title"":""miss"",""first"":""amelia"",""last"":""stewart""}","{""street"":""8605 cackson st"",""city"":""atlanta"",""state"":""minnesota"",""postcode"":53796}","amelia.stewart@example.com","{""username"":""yellowbutterfly750"",""password"":""grand"",""salt"":""KH7jYab5"",""md5"":""3fa73c2c133459c16997ceab147432a1"",""sha1"":""4a171c65bcad421c96b83c494aeb6ebe1f72c382"",""sha256"":""d30177fab80cc62ec8de4d38e698b923be5332bcc54936bb530f0a565f7b1dc4""}","1969-02-26 16:49:08","2013-05-19 18:51:55","(662)-778-1491","(094)-068-7424","{""name"":""SSN"",""value"":""626-51-7067""}","{""large"":""https://randomuser.me/api/portraits/women/61.jpg"",""medium"":""https://randomuser.me/api/portraits/med/women/61.jpg"",""thumbnail"":""https://randomuser.me/api/portraits/thumb/women/61.jpg""}","US"
"male","{""title"":""mr"",""first"":""levi"",""last"":""warren""}","{""street"":""2555 pecan acres ln"",""city"":""washington"",""state"":""florida"",""postcode"":34654}","levi.warren@example.com","{""username"":""blueladybug652"",""password"":""newcastl"",""salt"":""TBB9DPqV"",""md5"":""c1b7b59e7047c68841f364fb610e3252"",""sha1"":""0a0eef28740744028f37fd2a10600822ea3adc6b"",""sha256"":""bfdfa6e65edb165ef74e033ed103f912129fd995c94e3b4426fad4b96d9364aa""}","1957-05-10 01:50:46","2006-02-04 04:50:09","(635)-943-3512","(479)-120-0141","{""name"":""SSN"",""value"":""806-45-5964""}","{""large"":""https://randomuser.me/api/portraits/men/5.jpg"",""medium"":""https://randomuser.me/api/portraits/med/men/5.jpg"",""thumbnail"":""https://randomuser.me/api/portraits/thumb/men/5.jpg""}","US"
"female","{""title"":""mrs"",""first"":""helene"",""last"":""lutz""}","{""street"":""2344 kirchweg"",""city"":""nordvorpommern"",""state"":""brandenburg"",""postcode"":10522}","helene.lutz@example.com","{""username"":""bigcat502"",""password"":""pong"",""salt"":""Z4DOgb7n"",""md5"":""cdc4ae28f99d1f520a05dbd4c94ebbc1"",""sha1"":""1d9ba021e773da0a124fcd828429b90325663db6"",""sha256"":""3c01b01ee414c3e8710e0653a3664feaac335671d81bbbc8e359d73016c7d451""}","1953-08-25 16:48:49","2010-11-13 15:52:51","0941-5978469","0179-5432031","{""name"":"""",""value"":null}","{""large"":""https://randomuser.me/api/portraits/women/35.jpg"",""medium"":""https://randomuser.me/api/portraits/med/women/35.jpg"",""thumbnail"":""https://randomuser.me/api/portraits/thumb/women/35.jpg""}","DE"
"female","{""title"":""mrs"",""first"":""kaitlin"",""last"":""sutton""}","{""street"":""2605 the drive"",""city"":""londonderry"",""state"":""greater manchester"",""postcode"":""A00 0XH""}","kaitlin.sutton@example.com","{""username"":""ticklishduck360"",""password"":""girl"",""salt"":""lCTyvR28"",""md5"":""b23f32da33f3b7d378198dc2b4d00ab5"",""sha1"":""48cf10f05d8828ede252eea979eb36685a656607"",""sha256"":""151c861b97aadd4612fa8ed456aaa7435a225e1fb7c41ba913ebdbd9d22a4d0e""}","1944-11-14 18:05:31","2009-07-12 23:15:28","0117744 385 6661","0723-745-458","{""name"":""NINO"",""value"":""LT 75 69 98 C""}","{""large"":""https://randomuser.me/api/portraits/women/53.jpg"",""medium"":""https://randomuser.me/api/portraits/med/women/53.jpg"",""thumbnail"":""https://randomuser.me/api/portraits/thumb/women/53.jpg""}","GB"
"female","{""title"":""ms"",""first"":""kim"",""last"":""fowler""}","{""street"":""9526 manchester road"",""city"":""brighton and hove"",""state"":""humberside"",""postcode"":""I5 5HQ""}","kim.fowler@example.com","{""username"":""whitemeercat464"",""password"":""goldstar"",""salt"":""WlafJMX6"",""md5"":""d05346f8843be77876b5be4b0a5c159b"",""sha1"":""66d05ef5b569b6bfa638dc0360d046d2855d1148"",""sha256"":""fc13520ef8cca4a5583de4f595171d928e41e9e343c8ec926797eae1fa3947cc""}","1978-07-09 02:30:21","2014-09-08 05:48:01","017687 59529","0773-555-880","{""name"":""NINO"",""value"":""XM 92 26 32 S""}","{""large"":""https://randomuser.me/api/portraits/women/90.jpg"",""medium"":""https://randomuser.me/api/portraits/med/women/90.jpg"",""thumbnail"":""https://randomuser.me/api/portraits/thumb/women/90.jpg""}","GB"
"female","{""title"":""ms"",""first"":""lena"",""last"":""schilling""}","{""street"":""3798 schützenstraße"",""city"":""gifhorn"",""state"":""brandenburg"",""postcode"":67075}","lena.schilling@example.com","{""username"":""bigduck972"",""password"":""bigd"",""salt"":""olH9MuOy"",""md5"":""bc210be7604facba708ac7276a8189d5"",""sha1"":""c91281ebe22623d143791273f9afb7dece29d532"",""sha256"":""03ebd5f48a49d9ad1b6ad77b7a6d0772a5bbc68e1f7d5497f9933ef4e64e7f40""}","1969-05-15 02:09:51","2009-01-26 14:15:05","0684-1848847","0174-7004484","{""name"":"""",""value"":null}","{""large"":""https://randomuser.me/api/portraits/women/22.jpg"",""medium"":""https://randomuser.me/api/portraits/med/women/22.jpg"",""thumbnail"":""https://randomuser.me/api/portraits/thumb/women/22.jpg""}","DE"
"female","{""title"":""ms"",""first"":""annemarie"",""last"":""schiller""}","{""street"":""7801 kiefernweg"",""city"":""heidelberg"",""state"":""berlin"",""postcode"":73070}","annemarie.schiller@example.com","{""username"":""greenfish671"",""password"":""megadeth"",""salt"":""01BoIs5i"",""md5"":""21b06e21ff68dc41ed6984964d7067d6"",""sha1"":""fcd1b0ba0b8e2cd9bd6f7c00724e61c23a07b304"",""sha256"":""337ac8ec36a564b008acf419068daee1f90dda545f07c557ccb094494f19f661""}","1995-04-07 11:38:59","2005-07-11 08:25:26","0856-9677634","0179-9850520","{""name"":"""",""value"":null}","{""large"":""https://randomuser.me/api/portraits/women/40.jpg"",""medium"":""https://randomuser.me/api/portraits/med/women/40.jpg"",""thumbnail"":""https://randomuser.me/api/portraits/thumb/women/40.jpg""}","DE"
"male","{""title"":""mr"",""first"":""andreas"",""last"":""schilling""}","{""street"":""6940 mittelstraße"",""city"":""calw"",""state"":""bremen"",""postcode"":21404}","andreas.schilling@example.com","{""username"":""orangegorilla105"",""password"":""threesom"",""salt"":""uXyLPaod"",""md5"":""bece794c2bc852946648e8d019703994"",""sha1"":""ae347071f68de0659be6c7842c9539684584d461"",""sha256"":""d4a82f09a832d4cb54e115d0fd9fed2b4adc3a83e9a5b626dfe1be9873554a77""}","1977-10-23 07:33:34","2009-06-06 20:38:42","0945-0905279","0170-1683500","{""name"":"""",""value"":null}","{""large"":""https://randomuser.me/api/portraits/men/78.jpg"",""medium"":""https://randomuser.me/api/portraits/med/men/78.jpg"",""thumbnail"":""https://randomuser.me/api/portraits/thumb/men/78.jpg""}","DE"
"female","{""title"":""mrs"",""first"":""marlene"",""last"":""gray""}","{""street"":""3172 plum st"",""city"":""westminster"",""state"":""nebraska"",""postcode"":43492}","marlene.gray@example.com","{""username"":""redmouse643"",""password"":""sharon"",""salt"":""sObV5Rht"",""md5"":""fa444ab4488d9ddd9798883cba3b53f5"",""sha1"":""a36c2724c24b719112812fe99f2c84b0945a82ab"",""sha256"":""fc72e329adafaefc8754cc0b5e7964c99e8b5e9386092dc347b3c92ce7332800""}","1947-03-02 19:21:22","2004-07-01 17:32:28","(339)-276-7652","(260)-253-3343","{""name"":""SSN"",""value"":""276-81-6184""}","{""large"":""https://randomuser.me/api/portraits/women/72.jpg"",""medium"":""https://randomuser.me/api/portraits/med/women/72.jpg"",""thumbnail"":""https://randomuser.me/api/portraits/thumb/women/72.jpg""}","US"
"male","{""title"":""mr"",""first"":""jose"",""last"":""ellis""}","{""street"":""9059 hamilton ave"",""city"":""cary"",""state"":""oklahoma"",""postcode"":89095}","jose.ellis@example.com","{""username"":""bluecat204"",""password"":""shepherd"",""salt"":""R07XMEO3"",""md5"":""d1bc14a85768f22f89e687e980663135"",""sha1"":""d09d3e2611909e9191cd3a15b4392bd2a1d79a71"",""sha256"":""d039f55457ccce68d2c9c54a5c85bdba41d87620a1fd762c2a20d5fc4d3c335a""}","1972-06-02 11:48:13","2014-04-20 10:31:24","(174)-789-0846","(596)-911-2239","{""name"":""SSN"",""value"":""195-89-4368""}","{""large"":""https://randomuser.me/api/portraits/men/40.jpg"",""medium"":""https://randomuser.me/api/portraits/med/men/40.jpg"",""thumbnail"":""https://randomuser.me/api/portraits/thumb/men/40.jpg""}","US"
"female","{""title"":""mrs"",""first"":""brandy"",""last"":""fernandez""}","{""street"":""1665 brown terrace"",""city"":""las vegas"",""state"":""iowa"",""postcode"":69675}","brandy.fernandez@example.com","{""username"":""purpleduck571"",""password"":""fiction"",""salt"":""oxxW1Y5z"",""md5"":""ca5772a47b1a91f5bdc9435c482af777"",""sha1"":""06370fb4b92911d81847d793fc7848595b3dbf09"",""sha256"":""9326a93c38b23fac3f0aa10006cdf4e3e731ab64a63741b4ff28eecfa0f3de0e""}","1988-04-22 06:40:51","2008-05-13 09:48:01","(967)-326-8629","(642)-570-9011","{""name"":""SSN"",""value"":""008-05-4387""}","{""large"":""https://randomuser.me/api/portraits/women/71.jpg"",""medium"":""https://randomuser.me/api/portraits/med/women/71.jpg"",""thumbnail"":""https://randomuser.me/api/portraits/thumb/women/71.jpg""}","US"
"female","{""title"":""ms"",""first"":""misty"",""last"":""reed""}","{""street"":""6072 wheeler ridge dr"",""city"":""garden grove"",""state"":""michigan"",""postcode"":62306}","misty.reed@example.com","{""username"":""crazywolf279"",""password"":""456789"",""salt"":""cHAcRFkS"",""md5"":""958fdee18e5072a266553e98e60fbf08"",""sha1"":""fde4c0e9cd585d63ff05401e488d813d9b0954c4"",""sha256"":""1a4c89e4a0415693b92463dcb1b4da981c6b3e367be169e9cbd3232c873ae785""}","1981-06-18 08:45:57","2005-06-08 11:48:21","(978)-538-6869","(144)-569-7965","{""name"":""SSN"",""value"":""114-08-5501""}","{""large"":""https://randomuser.me/api/portraits/women/84.jpg"",""medium"":""https://randomuser.me/api/portraits/med/women/84.jpg"",""thumbnail"":""https://randomuser.me/api/portraits/thumb/women/84.jpg""}","US"
"male","{""title"":""mr"",""first"":""gregor"",""last"":""witte""}","{""street"":""7394 kirchweg"",""city"":""freiberg"",""state"":""hamburg"",""postcode"":77876}","gregor.witte@example.com","{""username"":""yellowrabbit443"",""password"":""peabody"",""salt"":""qSne0Ryp"",""md5"":""b5aa29ef6fff0bd4bdeae03a4957160c"",""sha1"":""c126077bac3a01aae820e8507b0f406d5bd32d4b"",""sha256"":""d7f903e6e74380dfa1e0102dccb62fcb47fae31dda9ba2ebfa216afaa74ba4bf""}","1988-06-05 03:23:11","2012-08-24 10:19:03","0677-4461776","0174-8009765","{""name"":"""",""value"":null}","{""large"":""https://randomuser.me/api/portraits/men/95.jpg"",""medium"":""https://randomuser.me/api/portraits/med/men/95.jpg"",""thumbnail"":""https://randomuser.me/api/portraits/thumb/men/95.jpg""}","DE"
"female","{""title"":""mrs"",""first"":""barbara"",""last"":""barnett""}","{""street"":""3135 park avenue"",""city"":""bath"",""state"":""tayside"",""postcode"":""K6J 4PL""}","barbara.barnett@example.com","{""username"":""purplesnake849"",""password"":""spinner"",""salt"":""N4ngpNLd"",""md5"":""f7e209b022ad5533d3eab928af96be45"",""sha1"":""5c764a49c48eb74cff435f46815cabcea31c2c5d"",""sha256"":""fe503a0c5842bff6a2c5cb5957023c25bdee075183da9eaf409a53e51dff8373""}","1969-09-13 01:35:06","2006-01-21 01:50:04","013873 76687","0789-550-798","{""name"":""NINO"",""value"":""SG 75 43 91 B""}","{""large"":""https://randomuser.me/api/portraits/women/95.jpg"",""medium"":""https://randomuser.me/api/portraits/med/women/95.jpg"",""thumbnail"":""https://randomuser.me/api/portraits/thumb/women/95.jpg""}","GB"
"female","{""title"":""ms"",""first"":""amelie"",""last"":""baum""}","{""street"":""6572 im winkel"",""city"":""bautzen"",""state"":""brandenburg"",""postcode"":87753}","amelie.baum@example.com","{""username"":""greenbird418"",""password"":""jean"",""salt"":""yJ5F6yEW"",""md5"":""6c71a999584dd5ebedd9e651ef974e2e"",""sha1"":""80cc8c072a4af80bcbb76803aa2efe8187c438ce"",""sha256"":""8afd3eb724c6d43caf77275b0bb32624bf601dd575c0dc5032eddf157f0a1ff8""}","1970-04-13 11:15:59","2004-07-31 06:49:14","0933-1020897","0176-5896524","{""name"":"""",""value"":null}","{""large"":""https://randomuser.me/api/portraits/women/95.jpg"",""medium"":""https://randomuser.me/api/portraits/med/women/95.jpg"",""thumbnail"":""https://randomuser.me/api/portraits/thumb/women/95.jpg""}","DE"
"female","{""title"":""ms"",""first"":""emily"",""last"":""hale""}","{""street"":""6091 richmond road"",""city"":""ripon"",""state"":""cumbria"",""postcode"":""UR5C 0RG""}","emily.hale@example.com","{""username"":""tinywolf577"",""password"":""motley"",""salt"":""nIGufVpC"",""md5"":""85155d68038bf825cdc987a4c08bafc3"",""sha1"":""11695cf3a44ef27685311d533e83855381f9fda6"",""sha256"":""1b104dae431b1d4c9b12d58476b03ec7cf051f70229e4607b9a09065ad8e93dd""}","1949-09-08 10:36:12","2004-11-05 02:37:39","015394 32420","0782-327-620","{""name"":""NINO"",""value"":""XL 98 36 32 O""}","{""large"":""https://randomuser.me/api/portraits/women/8.jpg"",""medium"":""https://randomuser.me/api/portraits/med/women/8.jpg"",""thumbnail"":""https://randomuser.me/api/portraits/thumb/women/8.jpg""}","GB"
"female","{""title"":""ms"",""first"":""eva"",""last"":""schumann""}","{""street"":""8146 fasanenweg"",""city"":""diepholz"",""state"":""sachsen"",""postcode"":82767}","eva.schumann@example.com","{""username"":""crazyladybug830"",""password"":""tootsie"",""salt"":""O7ucjs5d"",""md5"":""f9fabeb980a9ea2c7329c98870bb6a0e"",""sha1"":""640568407e36dfdead978b3c23362a2997ae05b7"",""sha256"":""109a4c05aedb3f97616af757e779fea47559c7dc135aa6145c3b8902d848c60b""}","1988-06-04 01:40:04","2006-09-24 17:34:18","0849-0656955","0173-0033166","{""name"":"""",""value"":null}","{""large"":""https://randomuser.me/api/portraits/women/13.jpg"",""medium"":""https://randomuser.me/api/portraits/med/women/13.jpg"",""thumbnail"":""https://randomuser.me/api/portraits/thumb/women/13.jpg""}","DE"
"female","{""title"":""ms"",""first"":""charlotte"",""last"":""rohde""}","{""street"":""4399 mühlenweg"",""city"":""oldenburg (oldenburg)"",""state"":""rheinland-pfalz"",""postcode"":91290}","charlotte.rohde@example.com","{""username"":""blackmeercat463"",""password"":""randy"",""salt"":""OcLN18bU"",""md5"":""109bc294f8451d510c45d42c16d7a687"",""sha1"":""30377ea245fbe3c8d900c8d93faeedac5dd4d316"",""sha256"":""5618e28049b583169a2b03797c4963f445f5733972187c839d4dbfdd58879407""}","1959-08-19 06:41:46","2008-10-05 14:19:48","0735-0132674","0178-3241469","{""name"":"""",""value"":null}","{""large"":""https://randomuser.me/api/portraits/women/93.jpg"",""medium"":""https://randomuser.me/api/portraits/med/women/93.jpg"",""thumbnail"":""https://randomuser.me/api/portraits/thumb/women/93.jpg""}","DE"
"female","{""title"":""mrs"",""first"":""charlotte"",""last"":""bartsch""}","{""street"":""1656 bergstraße"",""city"":""mayen-koblenz"",""state"":""hessen"",""postcode"":85257}","charlotte.bartsch@example.com","{""username"":""browngorilla335"",""password"":""bearcats"",""salt"":""qMovNe99"",""md5"":""965af2f321eb7db3b1a0c7ec65668890"",""sha1"":""7e39d8c1a9f92df18d7e6873a58f0190fea66d1a"",""sha256"":""05e8c01ff4551463befd5a6b4201b753811aa3a6526d051cd804efe9ed9123cb""}","1973-03-01 21:13:28","2003-02-12 16:28:25","0770-7024500","0179-2213106","{""name"":"""",""value"":null}","{""large"":""https://randomuser.me/api/portraits/women/33.jpg"",""medium"":""https://randomuser.me/api/portraits/med/women/33.jpg"",""thumbnail"":""https://randomuser.me/api/portraits/thumb/women/33.jpg""}","DE"
"female","{""title"":""miss"",""first"":""victoria"",""last"":""simmmons""}","{""street"":""5183 forest ln"",""city"":""westminster"",""state"":""florida"",""postcode"":46218}","victoria.simmmons@example.com","{""username"":""crazysnake925"",""password"":""feet"",""salt"":""WMfNSHmq"",""md5"":""89334e873068dfe22a62cb987adab335"",""sha1"":""5b766578d017d365ab51ba8c2a9e76355157b301"",""sha256"":""a372a0b847d26268e2c0a5c4dc12d6221b01ea6c75d7c5c20b2baa5c2fbbf2e1""}","1990-09-24 23:47:14","2010-09-19 23:51:43","(335)-448-7841","(627)-560-7584","{""name"":""SSN"",""value"":""917-25-9598""}","{""large"":""https://randomuser.me/api/portraits/women/87.jpg"",""medium"":""https://randomuser.me/api/portraits/med/women/87.jpg"",""thumbnail"":""https://randomuser.me/api/portraits/thumb/women/87.jpg""}","US"
"female","{""title"":""mrs"",""first"":""rosa"",""last"":""carter""}","{""street"":""9565 first street"",""city"":""rialto"",""state"":""vermont"",""postcode"":55651}","rosa.carter@example.com","{""username"":""organicsnake429"",""password"":""3434"",""salt"":""K61WwIh7"",""md5"":""63d0320700843d7c35e2cdec01bb1054"",""sha1"":""3e9c9bf641a7c34fc1ed27d5d84317f5a8c99906"",""sha256"":""04e3f74a946bd63e6d72de777f955dddf7b8d65177edc4b0a0b0c46601c29db9""}","1966-08-10 22:12:38","2004-09-30 06:18:56","(443)-253-5738","(597)-055-6130","{""name"":""SSN"",""value"":""656-49-6475""}","{""large"":""https://randomuser.me/api/portraits/women/88.jpg"",""medium"":""https://randomuser.me/api/portraits/med/women/88.jpg"",""thumbnail"":""https://randomuser.me/api/portraits/thumb/women/88.jpg""}","US"
"male","{""title"":""mr"",""first"":""johann"",""last"":""peter""}","{""street"":""3286 kiefernweg"",""city"":""konstanz"",""state"":""berlin"",""postcode"":85439}","johann.peter@example.com","{""username"":""greenlion136"",""password"":""asdasd"",""salt"":""R6dnJhYf"",""md5"":""f637e71f13fae9f90f00f4bf698c2b94"",""sha1"":""01042f6c52c41d9e2f1cdaf4865590969d717ee5"",""sha256"":""3e9993ae5771aa6f13ca15e7fdf46016968b1e99464e77629e939909b33e0991""}","1972-02-05 14:41:07","2003-09-19 13:44:42","0197-7360060","0179-3173937","{""name"":"""",""value"":null}","{""large"":""https://randomuser.me/api/portraits/men/17.jpg"",""medium"":""https://randomuser.me/api/portraits/med/men/17.jpg"",""thumbnail"":""https://randomuser.me/api/portraits/thumb/men/17.jpg""}","DE"
"female","{""title"":""miss"",""first"":""vanessa"",""last"":""cunningham""}","{""street"":""7788 north street"",""city"":""sheffield"",""state"":""buckinghamshire"",""postcode"":""DU5O 1HJ""}","vanessa.cunningham@example.com","{""username"":""blackgoose409"",""password"":""ncc1701a"",""salt"":""vijtK10O"",""md5"":""7734cc934b7990d6244eab655873b0e1"",""sha1"":""75a9872d9a08abf50d2c03f22e2e0e0038211eba"",""sha256"":""b3ec4f88f015b3a0d95bcbd5e2ea53a6caf6f5be5b7a009a2624a6868850b79b""}","1952-06-20 06:10:34","2015-03-02 06:01:07","0111830 915 4454","0720-216-459","{""name"":""NINO"",""value"":""YB 70 94 61 A""}","{""large"":""https://randomuser.me/api/portraits/women/86.jpg"",""medium"":""https://randomuser.me/api/portraits/med/women/86.jpg"",""thumbnail"":""https://randomuser.me/api/portraits/thumb/women/86.jpg""}","GB"
"female","{""title"":""miss"",""first"":""vicki"",""last"":""west""}","{""street"":""5813 park road"",""city"":""cambridge"",""state"":""gwent"",""postcode"":""AD9 2LL""}","vicki.west@example.com","{""username"":""lazypeacock209"",""password"":""chrono"",""salt"":""9Y5W88NS"",""md5"":""dfd6da159ebbe17f43d6d9181deb0c46"",""sha1"":""8be63170a257867b1fab56a8268f628af9e9a3af"",""sha256"":""d27a6abc067dc193b623631abcde735e88a5a9dca9243d4282d770dd1d8a397b""}","1986-06-12 18:47:25","2005-12-10 22:41:41","01197 612810","0704-373-591","{""name"":""NINO"",""value"":""AP 54 15 22 J""}","{""large"":""https://randomuser.me/api/portraits/women/16.jpg"",""medium"":""https://randomuser.me/api/portraits/med/women/16.jpg"",""thumbnail"":""https://randomuser.me/api/portraits/thumb/women/16.jpg""}","GB"
"male","{""title"":""mr"",""first"":""marko"",""last"":""mann""}","{""street"":""7713 raiffeisenstraße"",""city"":""bielefeld"",""state"":""hamburg"",""postcode"":98183}","marko.mann@example.com","{""username"":""silverleopard936"",""password"":""sparta"",""salt"":""rpzOnmwS"",""md5"":""22f80754e7f2673fa85b167efc44f691"",""sha1"":""3688e60150c3f33134cc5834a452f8709829c762"",""sha256"":""3f3d120360afef386c4898cc7d31d60bda8b26f7a73711d18b3e67715d128bb2""}","1953-04-22 08:25:52","2004-02-22 08:29:27","0387-1024446","0173-3109367","{""name"":"""",""value"":null}","{""large"":""https://randomuser.me/api/portraits/men/49.jpg"",""medium"":""https://randomuser.me/api/portraits/med/men/49.jpg"",""thumbnail"":""https://randomuser.me/api/portraits/thumb/men/49.jpg""}","DE"
"female","{""title"":""ms"",""first"":""jacqueline"",""last"":""perry""}","{""street"":""7820 locust rd"",""city"":""columbus"",""state"":""idaho"",""postcode"":87575}","jacqueline.perry@example.com","{""username"":""bigpeacock142"",""password"":""karina"",""salt"":""r8AGCR45"",""md5"":""ee70c3e2fba7f096009932d9ba7a1abd"",""sha1"":""0851d391f45d5e3b7e7aafeb66a5ffee3386411b"",""sha256"":""362f1f3ec7b846104ce175c4797cf4f89300478ebc7334a2c06957f75525780b""}","1970-11-01 12:59:03","2012-06-22 11:19:16","(552)-275-2143","(234)-927-1531","{""name"":""SSN"",""value"":""305-20-9945""}","{""large"":""https://randomuser.me/api/portraits/women/67.jpg"",""medium"":""https://randomuser.me/api/portraits/med/women/67.jpg"",""thumbnail"":""https://randomuser.me/api/portraits/thumb/women/67.jpg""}","US"
"female","{""title"":""miss"",""first"":""jane"",""last"":""hoffman""}","{""street"":""8766 railroad st"",""city"":""honolulu"",""state"":""mississippi"",""postcode"":49239}","jane.hoffman@example.com","{""username"":""reddog659"",""password"":""yoyoyo"",""salt"":""p9oQyHWv"",""md5"":""41d8f9f6eb9a42e25ccd52f2d98a1a88"",""sha1"":""d4b0b336fa8d3f59501ecd197c914fd012b6bbad"",""sha256"":""40542f9aec959289ea04bc3020a33fe4133e3b385571cde6a4c75f23fd3bbc45""}","1988-06-19 05:00:04","2007-11-11 06:07:15","(789)-185-8301","(211)-089-5522","{""name"":""SSN"",""value"":""829-56-7549""}","{""large"":""https://randomuser.me/api/portraits/women/63.jpg"",""medium"":""https://randomuser.me/api/portraits/med/women/63.jpg"",""thumbnail"":""https://randomuser.me/api/portraits/thumb/women/63.jpg""}","US"
"male","{""title"":""mr"",""first"":""maurice"",""last"":""douglas""}","{""street"":""6033 chester road"",""city"":""chichester"",""state"":""lothian"",""postcode"":""M7 1AA""}","maurice.douglas@example.com","{""username"":""bigcat757"",""password"":""lights"",""salt"":""ZJ5EzF7o"",""md5"":""c44fc86ec3cde9639746004ee059fd97"",""sha1"":""ac66ee59872b570959e6a7d5a9da669ccd14a27b"",""sha256"":""30b957880d3d2935b8d4099cf4af9865484589013d2573b4b3eae50c2e87384b""}","1954-07-06 11:38:22","2007-01-28 04:03:28","016973 21246","0721-478-662","{""name"":""NINO"",""value"":""HB 27 72 52 B""}","{""large"":""https://randomuser.me/api/portraits/men/32.jpg"",""medium"":""https://randomuser.me/api/portraits/med/men/32.jpg"",""thumbnail"":""https://randomuser.me/api/portraits/thumb/men/32.jpg""}","GB"
"male","{""title"":""mr"",""first"":""maxwell"",""last"":""richardson""}","{""street"":""2941 church street"",""city"":""wells"",""state"":""west sussex"",""postcode"":""O3 6LE""}","maxwell.richardson@example.com","{""username"":""silverelephant329"",""password"":""horton"",""salt"":""DP9jJuIr"",""md5"":""24f885d222d9e82c0175a0521d63ad10"",""sha1"":""53b6c2b6a60d1447d2b6e5c16132ce8d402d0053"",""sha256"":""fa6242b25abf954a6d0bb6a50b2230eee56b315921f502843d4eb61545d0aee4""}","1957-12-08 04:37:10","2007-05-15 10:42:33","015396 52394","0730-601-148","{""name"":""NINO"",""value"":""TX 48 37 97 I""}","{""large"":""https://randomuser.me/api/portraits/men/33.jpg"",""medium"":""https://randomuser.me/api/portraits/med/men/33.jpg"",""thumbnail"":""https://randomuser.me/api/portraits/thumb/men/33.jpg""}","GB"
"male","{""title"":""mr"",""first"":""erwin"",""last"":""krause""}","{""street"":""1999 kirchstraße"",""city"":""neuburg-schrobenhausen"",""state"":""bayern"",""postcode"":40399}","erwin.krause@example.com","{""username"":""purpleswan522"",""password"":""wolfie"",""salt"":""mXEMluYN"",""md5"":""03adab745ceac1277e24a194fb67c4e9"",""sha1"":""6c1ba5910f8250984bdb5beb6e39450bd66e071d"",""sha256"":""8800b0e1fd5cd705ba7f958a230fe6ecd7e75bbebc8d5cb7199dbb419f300fad""}","1991-04-12 10:19:14","2012-11-17 02:17:31","0142-7310912","0174-7872131","{""name"":"""",""value"":null}","{""large"":""https://randomuser.me/api/portraits/men/65.jpg"",""medium"":""https://randomuser.me/api/portraits/med/men/65.jpg"",""thumbnail"":""https://randomuser.me/api/portraits/thumb/men/65.jpg""}","DE"
"female","{""title"":""miss"",""first"":""suzanne"",""last"":""brooks""}","{""street"":""4344 sunset st"",""city"":""arvada"",""state"":""delaware"",""postcode"":54111}","suzanne.brooks@example.com","{""username"":""beautifulgoose827"",""password"":""babyblue"",""salt"":""6NjrmjSj"",""md5"":""684aa63aedf2f81df97603a5a8f4bf7d"",""sha1"":""5b51ab65e2adee0f2048af243a4b53fa9eb2c5c7"",""sha256"":""e49b6d4b84b310d8fd2f4733da9af61559dd3c4d9977a5c2443f8d4cde715f33""}","1951-11-01 23:48:32","2006-06-04 20:05:59","(221)-232-0990","(496)-295-8466","{""name"":""SSN"",""value"":""292-68-9745""}","{""large"":""https://randomuser.me/api/portraits/women/91.jpg"",""medium"":""https://randomuser.me/api/portraits/med/women/91.jpg"",""thumbnail"":""https://randomuser.me/api/portraits/thumb/women/91.jpg""}","US"
"male","{""title"":""mr"",""first"":""nolan"",""last"":""berry""}","{""street"":""8432 queens road"",""city"":""armagh"",""state"":""berkshire"",""postcode"":""BD8 7HL""}","nolan.berry@example.com","{""username"":""yellowbutterfly273"",""password"":""eeeeee"",""salt"":""cIt4Mtvj"",""md5"":""2b6afca858f51795e01f4be88867d3ac"",""sha1"":""be2e18de0bd3bf6c5feb6ecdb7c6a919f2c10eb7"",""sha256"":""c8f90c74d31612c7489728154fa80d80f7857caaf58584d2f981030c051b3f31""}","1965-05-22 13:33:58","2012-01-01 07:54:07","016974 53929","0766-641-149","{""name"":""NINO"",""value"":""PA 45 15 38 I""}","{""large"":""https://randomuser.me/api/portraits/men/50.jpg"",""medium"":""https://randomuser.me/api/portraits/med/men/50.jpg"",""thumbnail"":""https://randomuser.me/api/portraits/thumb/men/50.jpg""}","GB"
"male","{""title"":""mr"",""first"":""joel"",""last"":""byrd""}","{""street"":""7142 queensway"",""city"":""sheffield"",""state"":""strathclyde"",""postcode"":""Q2 6UH""}","joel.byrd@example.com","{""username"":""biglion628"",""password"":""darkside"",""salt"":""wZW0x0qk"",""md5"":""a70dada6b328c1c070917f1f335a0177"",""sha1"":""fff5fa097b39227dbf4d0f9176554626d72fac1f"",""sha256"":""ab27400cfcd56a4c5dbfdc9957870198bc1fd9970e030f1f512587f1ad7a2276""}","1971-04-06 01:44:36","2012-08-10 15:25:42","016977 0357","0718-934-398","{""name"":""NINO"",""value"":""XH 88 22 33 Z""}","{""large"":""https://randomuser.me/api/portraits/men/2.jpg"",""medium"":""https://randomuser.me/api/portraits/med/men/2.jpg"",""thumbnail"":""https://randomuser.me/api/portraits/thumb/men/2.jpg""}","GB"
"male","{""title"":""mr"",""first"":""albert"",""last"":""mendoza""}","{""street"":""3356 alexander road"",""city"":""worcester"",""state"":""lothian"",""postcode"":""SI87 8UR""}","albert.mendoza@example.com","{""username"":""redfish629"",""password"":""xyzzy"",""salt"":""V6L28orE"",""md5"":""8a36bc25e415ba9411181e7ec208bc01"",""sha1"":""a08468a192d9cd5e8a580244a8b88d9a4f4737c2"",""sha256"":""1e7dd387e881116bb92cdd47181c819f9b710e5f116d9fdd1b4c869eb9427b06""}","1952-06-29 18:10:56","2010-11-24 17:20:28","016977 86681","0718-261-584","{""name"":""NINO"",""value"":""CM 64 51 31 O""}","{""large"":""https://randomuser.me/api/portraits/men/39.jpg"",""medium"":""https://randomuser.me/api/portraits/med/men/39.jpg"",""thumbnail"":""https://randomuser.me/api/portraits/thumb/men/39.jpg""}","GB"
"female","{""title"":""ms"",""first"":""larissa"",""last"":""stark""}","{""street"":""9606 römerstraße"",""city"":""ostvorpommern"",""state"":""nordrhein-westfalen"",""postcode"":11388}","larissa.stark@example.com","{""username"":""blackfrog644"",""password"":""seadoo"",""salt"":""D4w8vrOV"",""md5"":""0724cff53576ecff9817298a1ee2e322"",""sha1"":""694d26cde70981470e5deed3ac82bf22152aa089"",""sha256"":""15b3d029f3922551b187d6ce4430293060dbf267cb869e17e51617488b2b14aa""}","1957-12-01 11:24:01","2014-10-21 02:30:52","0318-7279405","0177-8588022","{""name"":"""",""value"":null}","{""large"":""https://randomuser.me/api/portraits/women/44.jpg"",""medium"":""https://randomuser.me/api/portraits/med/women/44.jpg"",""thumbnail"":""https://randomuser.me/api/portraits/thumb/women/44.jpg""}","DE"
"male","{""title"":""mr"",""first"":""pat"",""last"":""edwards""}","{""street"":""1470 avondale ave"",""city"":""jacksonville"",""state"":""maine"",""postcode"":53145}","pat.edwards@example.com","{""username"":""ticklishgorilla460"",""password"":""lance"",""salt"":""mQF9o9As"",""md5"":""293016ea6de050f40aade6b4a4dfe94f"",""sha1"":""c4a6c6f7ff59ed4795291bfe400ff8a467e9b644"",""sha256"":""954af480faf8582fb0342ac461d2c92cc82bfd98241d2d0501d08aa17004ee18""}","1976-01-30 05:07:41","2010-07-26 22:34:37","(278)-693-7494","(610)-420-4379","{""name"":""SSN"",""value"":""594-16-7418""}","{""large"":""https://randomuser.me/api/portraits/men/55.jpg"",""medium"":""https://randomuser.me/api/portraits/med/men/55.jpg"",""thumbnail"":""https://randomuser.me/api/portraits/thumb/men/55.jpg""}","US"
"female","{""title"":""mrs"",""first"":""maria"",""last"":""engel""}","{""street"":""1580 wiesenweg"",""city"":""sömmerda"",""state"":""sachsen-anhalt"",""postcode"":86638}","maria.engel@example.com","{""username"":""heavygoose558"",""password"":""boston"",""salt"":""T2OjCrzd"",""md5"":""53848d96a9ca798f1dbc480274e6f7fb"",""sha1"":""df017d568f90607734e17a3f7ee463dc1e53e53c"",""sha256"":""2e294751186567a791a208cc2a4971a15f6a3fd73ad2ebafae1c14a2e98bc399""}","1972-03-23 13:25:50","2015-11-18 22:54:04","0506-2049949","0170-3921241","{""name"":"""",""value"":null}","{""large"":""https://randomuser.me/api/portraits/women/94.jpg"",""medium"":""https://randomuser.me/api/portraits/med/women/94.jpg"",""thumbnail"":""https://randomuser.me/api/portraits/thumb/women/94.jpg""}","DE"
"female","{""title"":""mrs"",""first"":""amber"",""last"":""dunn""}","{""street"":""9125 samaritan dr"",""city"":""new haven"",""state"":""minnesota"",""postcode"":96709}","amber.dunn@example.com","{""username"":""beautifulkoala147"",""password"":""roland"",""salt"":""oD5DdAfW"",""md5"":""a76b05534f9adea4ba9877325f89d559"",""sha1"":""5bf5e6d006cf5bf3937645dd895924dd12ffaad5"",""sha256"":""089cc8a4ca2aeadf37156b1b348cdfbe79025e84c3dfd7801c096f427c23b05e""}","1959-02-24 17:55:54","2013-03-22 19:16:40","(602)-178-9886","(166)-381-5132","{""name"":""SSN"",""value"":""954-56-2262""}","{""large"":""https://randomuser.me/api/portraits/women/56.jpg"",""medium"":""https://randomuser.me/api/portraits/med/women/56.jpg"",""thumbnail"":""https://randomuser.me/api/portraits/thumb/women/56.jpg""}","US"
"female","{""title"":""miss"",""first"":""kim"",""last"":""pearson""}","{""street"":""2564 station road"",""city"":""plymouth"",""state"":""dyfed"",""postcode"":""F27 2EY""}","kim.pearson@example.com","{""username"":""brownbird606"",""password"":""ginger1"",""salt"":""6RyvKSV8"",""md5"":""1fc4b3157e03ee313873825039bf7311"",""sha1"":""a5ac4e080de659b6c7c8e1cbe8e78d7786dd8eeb"",""sha256"":""ab41c0eb9021cb3060c53bfcc3b8af49a8eca3ad40b0096e201fa3dfbd62b7d4""}","1949-09-16 23:47:14","2004-12-16 20:16:40","013873 43104","0719-899-796","{""name"":""NINO"",""value"":""OL 82 42 13 A""}","{""large"":""https://randomuser.me/api/portraits/women/70.jpg"",""medium"":""https://randomuser.me/api/portraits/med/women/70.jpg"",""thumbnail"":""https://randomuser.me/api/portraits/thumb/women/70.jpg""}","GB"
"female","{""title"":""ms"",""first"":""roberta"",""last"":""evans""}","{""street"":""6568 e north st"",""city"":""surrey"",""state"":""louisiana"",""postcode"":34795}","roberta.evans@example.com","{""username"":""beautifulcat256"",""password"":""tristan"",""salt"":""YyMgEsle"",""md5"":""065bc3824c8c933adc96bd9520d1016c"",""sha1"":""884cdfe1f212e6a6dd0aaaaac5025ac76d7fed3d"",""sha256"":""5a93bb6f46f61bd9733ac292a0549013223d33d120c8997e0d30132f6b230b62""}","1952-09-30 12:20:14","2009-02-15 01:48:40","(712)-009-8114","(325)-718-9875","{""name"":""SSN"",""value"":""124-34-6270""}","{""large"":""https://randomuser.me/api/portraits/women/6.jpg"",""medium"":""https://randomuser.me/api/portraits/med/women/6.jpg"",""thumbnail"":""https://randomuser.me/api/portraits/thumb/women/6.jpg""}","US"
"male","{""title"":""mr"",""first"":""william"",""last"":""harvey""}","{""street"":""8545 w pecan st"",""city"":""raleigh"",""state"":""colorado"",""postcode"":64579}","william.harvey@example.com","{""username"":""tinymeercat872"",""password"":""fisher"",""salt"":""TDg0Fayi"",""md5"":""d93098061d07c9d288e22b9d63d2cc66"",""sha1"":""8f315dbbc2fbc9470f879e08ec82766bea634315"",""sha256"":""59f22764a66fa91bdb4a1925c49b9e22c1b3a095497186ceca8995d793b330ae""}","1958-03-04 23:03:44","2013-03-02 00:42:37","(555)-819-1883","(591)-586-5839","{""name"":""SSN"",""value"":""522-34-7798""}","{""large"":""https://randomuser.me/api/portraits/men/28.jpg"",""medium"":""https://randomuser.me/api/portraits/med/men/28.jpg"",""thumbnail"":""https://randomuser.me/api/portraits/thumb/men/28.jpg""}","US"
"male","{""title"":""mr"",""first"":""jonas"",""last"":""rau""}","{""street"":""3018 mühlweg"",""city"":""traunstein"",""state"":""saarland"",""postcode"":27225}","jonas.rau@example.com","{""username"":""brownpeacock809"",""password"":""lightning"",""salt"":""JwF8UK7b"",""md5"":""7a808cc70d67ac8f65cde2dd4893d7ce"",""sha1"":""0e287fd27728712664db7b19802744350b99fb00"",""sha256"":""84c0399c6b89674dfd981b7300b622fde9ae4876f6e4993eda82017dfe1db08a""}","1965-06-23 08:37:24","2009-02-07 23:16:57","0143-6166234","0170-7421792","{""name"":"""",""value"":null}","{""large"":""https://randomuser.me/api/portraits/men/90.jpg"",""medium"":""https://randomuser.me/api/portraits/med/men/90.jpg"",""thumbnail"":""https://randomuser.me/api/portraits/thumb/men/90.jpg""}","DE"
"female","{""title"":""ms"",""first"":""alison"",""last"":""thompson""}","{""street"":""2956 albert road"",""city"":""leicester"",""state"":""gwent"",""postcode"":""IR7C 1JX""}","alison.thompson@example.com","{""username"":""bigbird316"",""password"":""trains"",""salt"":""2CtABDxA"",""md5"":""9d663c61c33ca9834d4bccc6713f2575"",""sha1"":""33466c812e21425d329f776db75d19e35a7e9718"",""sha256"":""cccf75e4c3d4d4beff6b2dca839dadad3b9b92ff75517975c92f46dd1d353ef4""}","1968-01-06 15:10:25","2015-05-02 02:53:51","015396 18187","0778-003-211","{""name"":""NINO"",""value"":""KA 15 97 63 H""}","{""large"":""https://randomuser.me/api/portraits/women/60.jpg"",""medium"":""https://randomuser.me/api/portraits/med/women/60.jpg"",""thumbnail"":""https://randomuser.me/api/portraits/thumb/women/60.jpg""}","GB"
"female","{""title"":""miss"",""first"":""emma"",""last"":""green""}","{""street"":""3214 church street"",""city"":""stirling"",""state"":""county londonderry"",""postcode"":""R5 1BS""}","emma.green@example.com","{""username"":""brownladybug981"",""password"":""1957"",""salt"":""1hQeMUbW"",""md5"":""251044629e42365c85a9fc615dee1eae"",""sha1"":""69057ef030517e647ad65a1fe7e049bad8ce72ed"",""sha256"":""7860c866a049c4d212b382dabb81526c934420780a080512a6177d3afd9de4f2""}","1966-06-17 05:17:09","2006-12-13 13:41:24","017684 37491","0748-821-213","{""name"":""NINO"",""value"":""RA 30 82 88 Y""}","{""large"":""https://randomuser.me/api/portraits/women/25.jpg"",""medium"":""https://randomuser.me/api/portraits/med/women/25.jpg"",""thumbnail"":""https://randomuser.me/api/portraits/thumb/women/25.jpg""}","GB"
"female","{""title"":""ms"",""first"":""inga"",""last"":""hildebrandt""}","{""street"":""8575 danziger straße"",""city"":""sömmerda"",""state"":""hessen"",""postcode"":80182}","inga.hildebrandt@example.com","{""username"":""yellowbear877"",""password"":""harrier"",""salt"":""M2E5QbJl"",""md5"":""aefd10aa9e27dc9dabddc98faf825739"",""sha1"":""1289ab9435aca01bb197f57c948dc648f4fe1794"",""sha256"":""9ee493b7d328de66fac2935ceeff9ac895e7719f30008e6fb117f1cf069b1eb1""}","1944-10-09 07:59:24","2010-08-14 19:51:41","0105-5870808","0170-3766978","{""name"":"""",""value"":null}","{""large"":""https://randomuser.me/api/portraits/women/17.jpg"",""medium"":""https://randomuser.me/api/portraits/med/women/17.jpg"",""thumbnail"":""https://randomuser.me/api/portraits/thumb/women/17.jpg""}","DE"
"female","{""title"":""miss"",""first"":""camila"",""last"":""kuhn""}","{""street"":""7726 saddle dr"",""city"":""fort worth"",""state"":""ohio"",""postcode"":75352}","camila.kuhn@example.com","{""username"":""crazyleopard767"",""password"":""modles"",""salt"":""MmTLoWk8"",""md5"":""e676ea084b2785d807a071dc46fc9339"",""sha1"":""9ded903fc5ad5c0afde4bd2511e041d9dd1d3216"",""sha256"":""b75d950a387f807924dcfb2cdb9311a65d8ca8d8aa0b7b655a795695dfd98546""}","1966-12-07 14:33:43","2014-04-20 05:54:07","(277)-302-4300","(892)-997-1600","{""name"":""SSN"",""value"":""520-61-1716""}","{""large"":""https://randomuser.me/api/portraits/women/23.jpg"",""medium"":""https://randomuser.me/api/portraits/med/women/23.jpg"",""thumbnail"":""https://randomuser.me/api/portraits/thumb/women/23.jpg""}","US"
"male","{""title"":""mr"",""first"":""joey"",""last"":""austin""}","{""street"":""8451 the drive"",""city"":""lichfield"",""state"":""wiltshire"",""postcode"":""IS3X 6WW""}","joey.austin@example.com","{""username"":""blackdog885"",""password"":""alexande"",""salt"":""hJYtvyCg"",""md5"":""48c0a6a04ecfb9731d6a2ebe8ff852bc"",""sha1"":""a400e644cd9d7c59fc02687dca028117e033b236"",""sha256"":""855e09fc836a5b115577e52cad6b15d69efd12b94092aad1c3bf937bb2ec56ee""}","1987-10-22 08:41:58","2014-11-01 15:50:43","017687 16515","0778-355-741","{""name"":""NINO"",""value"":""RJ 82 87 75 K""}","{""large"":""https://randomuser.me/api/portraits/men/33.jpg"",""medium"":""https://randomuser.me/api/portraits/med/men/33.jpg"",""thumbnail"":""https://randomuser.me/api/portraits/thumb/men/33.jpg""}","GB"
"female","{""title"":""miss"",""first"":""luise"",""last"":""kopp""}","{""street"":""9624 kiefernweg"",""city"":""rastatt"",""state"":""baden-württemberg"",""postcode"":55865}","luise.kopp@example.com","{""username"":""lazygorilla375"",""password"":""tommie"",""salt"":""C1FgAlfL"",""md5"":""ac4325416628990b6f560873becd6816"",""sha1"":""eab0ace1989028388cf502aa00e4fb5d2bfabbae"",""sha256"":""68a717afc7f3e2a36de5e355b3547f9b84ce995a60a5ed7a28c0cca46f765d87""}","1970-12-07 20:57:43","2015-09-18 01:03:38","0550-0219743","0173-9961357","{""name"":"""",""value"":null}","{""large"":""https://randomuser.me/api/portraits/women/23.jpg"",""medium"":""https://randomuser.me/api/portraits/med/women/23.jpg"",""thumbnail"":""https://randomuser.me/api/portraits/thumb/women/23.jpg""}","DE"
"female","{""title"":""mrs"",""first"":""janet"",""last"":""garrett""}","{""street"":""1037 ranchview dr"",""city"":""ontario"",""state"":""pennsylvania"",""postcode"":10295}","janet.garrett@example.com","{""username"":""blackpeacock910"",""password"":""slapper"",""salt"":""6yx1CoVG"",""md5"":""424bdf63ab23a727d433ecc3e467b0b8"",""sha1"":""b9a00eb6489e00d6b3e404c1b01d7c41e77bbde1"",""sha256"":""3f8b6dfe06e42592d1fb5e9757b5bf82cd9665eaab3e219667d720d36f5366da""}","1980-07-19 17:41:14","2006-09-30 09:44:33","(658)-028-5838","(907)-641-5412","{""name"":""SSN"",""value"":""265-96-6395""}","{""large"":""https://randomuser.me/api/portraits/women/22.jpg"",""medium"":""https://randomuser.me/api/portraits/med/women/22.jpg"",""thumbnail"":""https://randomuser.me/api/portraits/thumb/women/22.jpg""}","US"
"female","{""title"":""mrs"",""first"":""tracey"",""last"":""palmer""}","{""street"":""4911 smokey ln"",""city"":""murfreesboro"",""state"":""new mexico"",""postcode"":15047}","tracey.palmer@example.com","{""username"":""orangefrog680"",""password"":""dumb"",""salt"":""EeZ064TG"",""md5"":""fdc40870f8ce48f055c5a62b796ecd59"",""sha1"":""d2f9faaec91b93ba8ebd8036ac477a2b756fe0e8"",""sha256"":""beb62bb53e5a422ce43777e88db47bee3de63b426567dc9228ae2e240cb32eec""}","1966-08-15 04:57:59","2009-01-06 15:04:31","(126)-281-1643","(143)-261-5840","{""name"":""SSN"",""value"":""083-82-9533""}","{""large"":""https://randomuser.me/api/portraits/women/2.jpg"",""medium"":""https://randomuser.me/api/portraits/med/women/2.jpg"",""thumbnail"":""https://randomuser.me/api/portraits/thumb/women/2.jpg""}","US"
"female","{""title"":""mrs"",""first"":""tamara"",""last"":""götz""}","{""street"":""2712 jahnstraße"",""city"":""soest"",""state"":""berlin"",""postcode"":23317}","tamara.götz@example.com","{""username"":""beautifulostrich357"",""password"":""chuckles"",""salt"":""XWShDDVV"",""md5"":""8afc4a8b4c0b1188db14cc69bbfe3430"",""sha1"":""ade3063385ca2a6ac0a0e5cfe3536f3f6ff4fa1d"",""sha256"":""b8aab60597b5860eb8f0e6784da1f27bcacc5bdd23ffa9fdaa44c2cfb15d3900""}","1956-05-19 04:52:27","2014-03-08 22:55:43","0772-6001194","0178-2636189","{""name"":"""",""value"":null}","{""large"":""https://randomuser.me/api/portraits/women/10.jpg"",""medium"":""https://randomuser.me/api/portraits/med/women/10.jpg"",""thumbnail"":""https://randomuser.me/api/portraits/thumb/women/10.jpg""}","DE"
"female","{""title"":""ms"",""first"":""britney"",""last"":""wagner""}","{""street"":""4417 park avenue"",""city"":""manchester"",""state"":""berkshire"",""postcode"":""A1V 3TA""}","britney.wagner@example.com","{""username"":""organickoala155"",""password"":""midnight"",""salt"":""1tKl0LAn"",""md5"":""510dd6fb4b3d4aef651a7441720a1113"",""sha1"":""d99481c43179ffee21d84080e5aeac44e86d8748"",""sha256"":""663100fea34d3c66ea789b92c6ff3b82dac9ddc0fb0b0ddf6b16ab05fcae45d2""}","1965-10-04 16:48:14","2009-05-12 09:31:59","016977 66792","0720-205-093","{""name"":""NINO"",""value"":""OR 70 21 46 A""}","{""large"":""https://randomuser.me/api/portraits/women/88.jpg"",""medium"":""https://randomuser.me/api/portraits/med/women/88.jpg"",""thumbnail"":""https://randomuser.me/api/portraits/thumb/women/88.jpg""}","GB"
"female","{""title"":""miss"",""first"":""dolores"",""last"":""newman""}","{""street"":""4336 fairview st"",""city"":""roseville"",""state"":""vermont"",""postcode"":81560}","dolores.newman@example.com","{""username"":""lazymouse756"",""password"":""lester"",""salt"":""tcoZOBhJ"",""md5"":""5ed35b103492023f44cbb100a94bd4cc"",""sha1"":""2a499df1b69a204baa32507ac2064b82bae458e4"",""sha256"":""19ec2bec1fae280f491c45ddf6f764eaa34e4c0a18808225f1c8c4cd455af929""}","1962-11-13 09:20:14","2010-10-17 04:00:01","(574)-450-2215","(498)-330-6492","{""name"":""SSN"",""value"":""588-60-8003""}","{""large"":""https://randomuser.me/api/portraits/women/64.jpg"",""medium"":""https://randomuser.me/api/portraits/med/women/64.jpg"",""thumbnail"":""https://randomuser.me/api/portraits/thumb/women/64.jpg""}","US"
"female","{""title"":""mrs"",""first"":""sofia"",""last"":""hirsch""}","{""street"":""5498 lerchenweg"",""city"":""freiberg"",""state"":""hessen"",""postcode"":96530}","sofia.hirsch@example.com","{""username"":""bigpeacock371"",""password"":""quattro"",""salt"":""JUsBuHEC"",""md5"":""62d15c687d57f2085aaf8ce074878661"",""sha1"":""be5ee0b6a77c163cec1ef050b2ac02eaa1704aab"",""sha256"":""4da190a0483a12ff5bf3408af9e8854f2f42e2a1e26703e5f704fb97e497ddc7""}","1992-06-16 08:32:27","2003-06-24 03:18:31","0818-0008792","0171-7222791","{""name"":"""",""value"":null}","{""large"":""https://randomuser.me/api/portraits/women/40.jpg"",""medium"":""https://randomuser.me/api/portraits/med/women/40.jpg"",""thumbnail"":""https://randomuser.me/api/portraits/thumb/women/40.jpg""}","DE"
"female","{""title"":""mrs"",""first"":""amelia"",""last"":""pierce""}","{""street"":""6218 mill lane"",""city"":""newry"",""state"":""norfolk"",""postcode"":""NQ4N 8RJ""}","amelia.pierce@example.com","{""username"":""whiterabbit931"",""password"":""hailey"",""salt"":""PBtUzbSh"",""md5"":""316e1ec08d84d7cba0d170d1d835114e"",""sha1"":""35060df08c929b12c9db809cdb5f131e0e3df762"",""sha256"":""4631cb588a8571f08238615312384270e8d0ddd967b064cfed94da5e76f4ce2b""}","1991-12-03 19:38:05","2009-11-16 22:32:01","016977 4316","0772-884-379","{""name"":""NINO"",""value"":""EP 75 47 52 K""}","{""large"":""https://randomuser.me/api/portraits/women/40.jpg"",""medium"":""https://randomuser.me/api/portraits/med/women/40.jpg"",""thumbnail"":""https://randomuser.me/api/portraits/thumb/women/40.jpg""}","GB"
"female","{""title"":""mrs"",""first"":""lily"",""last"":""bowman""}","{""street"":""1849 windsor road"",""city"":""kingston upon hull"",""state"":""essex"",""postcode"":""N3I 8QJ""}","lily.bowman@example.com","{""username"":""bigcat512"",""password"":""1955"",""salt"":""bZEseWf7"",""md5"":""2da776e3e651aed44a29f242a21413ba"",""sha1"":""77f23ca24ee3fb2c9e5ea16bbbc82e2a8ffd52c2"",""sha256"":""cef30550077b512290e29df4155a0c122f8b6da18c064a2139e82fb0791c313d""}","1960-06-03 21:37:41","2014-04-30 07:18:14","015395 93145","0773-047-320","{""name"":""NINO"",""value"":""KH 94 51 74 C""}","{""large"":""https://randomuser.me/api/portraits/women/90.jpg"",""medium"":""https://randomuser.me/api/portraits/med/women/90.jpg"",""thumbnail"":""https://randomuser.me/api/portraits/thumb/women/90.jpg""}","GB"
"male","{""title"":""mr"",""first"":""roy"",""last"":""armstrong""}","{""street"":""7610 e pecan st"",""city"":""escondido"",""state"":""connecticut"",""postcode"":72737}","roy.armstrong@example.com","{""username"":""orangegorilla417"",""password"":""alucard"",""salt"":""wHaPakh0"",""md5"":""e8008bb50cfe4ef6cc5282b2ad029e60"",""sha1"":""44163a92c44bbed307ddc626c8d48819707c3aa2"",""sha256"":""4a70e9a26434255db38e24404cfdc8299729c0df32d4d459183ed889604e7e4f""}","1973-10-09 10:10:28","2012-08-28 00:59:57","(570)-814-4154","(576)-878-7905","{""name"":""SSN"",""value"":""890-64-9764""}","{""large"":""https://randomuser.me/api/portraits/men/31.jpg"",""medium"":""https://randomuser.me/api/portraits/med/men/31.jpg"",""thumbnail"":""https://randomuser.me/api/portraits/thumb/men/31.jpg""}","US"
"female","{""title"":""ms"",""first"":""scarlett"",""last"":""reynolds""}","{""street"":""7592 e north st"",""city"":""aurora"",""state"":""new york"",""postcode"":19990}","scarlett.reynolds@example.com","{""username"":""redwolf725"",""password"":""000000"",""salt"":""zm4XHIQg"",""md5"":""275a11175b194f75c05edd2a5ac4a771"",""sha1"":""3c08cc30e1887b90b4d962c93814da63079d4295"",""sha256"":""530815047f958f694f7125d6845d362761df8010a2eadec2d47c9206e1e5723e""}","1994-06-12 20:03:48","2015-11-21 00:05:12","(182)-834-0941","(168)-758-0725","{""name"":""SSN"",""value"":""268-58-9538""}","{""large"":""https://randomuser.me/api/portraits/women/33.jpg"",""medium"":""https://randomuser.me/api/portraits/med/women/33.jpg"",""thumbnail"":""https://randomuser.me/api/portraits/thumb/women/33.jpg""}","US"
"female","{""title"":""ms"",""first"":""judy"",""last"":""johnston""}","{""street"":""7603 st. john’s road"",""city"":""bristol"",""state"":""borders"",""postcode"":""YQ3O 1JN""}","judy.johnston@example.com","{""username"":""purplebutterfly635"",""password"":""qwerty7"",""salt"":""F9ZagTXk"",""md5"":""4be75d4734cc3c3ad06a57012e49bfda"",""sha1"":""24d1e6f815537abfdf37964a184a0dddbc4b9611"",""sha256"":""b93e80fe7d46e788fc8ff8755df1c6aabbdf1b4ae2227a240b92e44b2f35025a""}","1968-02-25 21:38:58","2009-10-27 02:25:02","017684 89022","0736-976-677","{""name"":""NINO"",""value"":""BJ 85 08 89 P""}","{""large"":""https://randomuser.me/api/portraits/women/93.jpg"",""medium"":""https://randomuser.me/api/portraits/med/women/93.jpg"",""thumbnail"":""https://randomuser.me/api/portraits/thumb/women/93.jpg""}","GB"
"male","{""title"":""mr"",""first"":""jayden"",""last"":""west""}","{""street"":""5496 new road"",""city"":""hereford"",""state"":""south glamorgan"",""postcode"":""D70 4DU""}","jayden.west@example.com","{""username"":""whitefrog364"",""password"":""instant"",""salt"":""qOHBoHvZ"",""md5"":""ba22abf19d0650f1621685cf0cf9eb37"",""sha1"":""7be69949f94a8fc432f2ba6d41779cb03db37c8b"",""sha256"":""29e3f11b2b7463568cce5a2ffa208d0c73e3eeb05218635253dfd48ec5a922b8""}","1989-10-24 12:39:36","2004-11-26 10:10:34","015396 06324","0739-255-855","{""name"":""NINO"",""value"":""WR 60 55 42 Q""}","{""large"":""https://randomuser.me/api/portraits/men/99.jpg"",""medium"":""https://randomuser.me/api/portraits/med/men/99.jpg"",""thumbnail"":""https://randomuser.me/api/portraits/thumb/men/99.jpg""}","GB"
"male","{""title"":""mr"",""first"":""felix"",""last"":""siebert""}","{""street"":""5518 feldstraße"",""city"":""karlsruhe"",""state"":""rheinland-pfalz"",""postcode"":92720}","felix.siebert@example.com","{""username"":""goldenmeercat359"",""password"":""summit"",""salt"":""rwncgPlU"",""md5"":""e22714f87e2faad483bf22ed1d8b89ce"",""sha1"":""9d85e2e74fd40a4088116b44658a41e1ae429600"",""sha256"":""c05c52bb8936645c61beeed688ebe34f9d89b6893ab2e0ffece9f60307bf37ea""}","1961-04-21 08:05:02","2006-09-14 21:42:26","0363-1295435","0173-2270234","{""name"":"""",""value"":null}","{""large"":""https://randomuser.me/api/portraits/men/30.jpg"",""medium"":""https://randomuser.me/api/portraits/med/men/30.jpg"",""thumbnail"":""https://randomuser.me/api/portraits/thumb/men/30.jpg""}","DE"
"male","{""title"":""mr"",""first"":""samuel"",""last"":""mason""}","{""street"":""6369 alexander road"",""city"":""exeter"",""state"":""greater manchester"",""postcode"":""MG3 0ZL""}","samuel.mason@example.com","{""username"":""smallladybug568"",""password"":""cartman"",""salt"":""F5CScX0n"",""md5"":""587e85c9f96279dbd2de8f52ae2e9a6f"",""sha1"":""41b328cd9d25201d5459d0cc8e87be41e1a35521"",""sha256"":""d1f3a367065c4986e069a05f589e2810c8adb0d57fbcceca6486c37d4f0bbcc8""}","1970-06-22 02:20:05","2015-07-10 12:24:36","01216 417122","0729-122-582","{""name"":""NINO"",""value"":""LS 25 09 37 Y""}","{""large"":""https://randomuser.me/api/portraits/men/8.jpg"",""medium"":""https://randomuser.me/api/portraits/med/men/8.jpg"",""thumbnail"":""https://randomuser.me/api/portraits/thumb/men/8.jpg""}","GB"
"female","{""title"":""ms"",""first"":""jacqueline"",""last"":""matthews""}","{""street"":""9929 wycliff ave"",""city"":""pueblo"",""state"":""colorado"",""postcode"":81976}","jacqueline.matthews@example.com","{""username"":""ticklishfish964"",""password"":""punkin"",""salt"":""ICSQPFVp"",""md5"":""b9e11362a8980f354bff6e28ac78c6a9"",""sha1"":""003e86cd6a3b0495d4a96dc63626620b8751b494"",""sha256"":""80588a803a20ac32ce68a8943bc06c5e2b7d2e22c320216da8f402feba347599""}","1980-09-01 04:12:42","2008-12-31 05:29:12","(784)-361-0747","(073)-155-1227","{""name"":""SSN"",""value"":""121-64-5220""}","{""large"":""https://randomuser.me/api/portraits/women/67.jpg"",""medium"":""https://randomuser.me/api/portraits/med/women/67.jpg"",""thumbnail"":""https://randomuser.me/api/portraits/thumb/women/67.jpg""}","US"
"female","{""title"":""ms"",""first"":""emma"",""last"":""ramos""}","{""street"":""8505 alexander road"",""city"":""westminster"",""state"":""durham"",""postcode"":""Z48 5NR""}","emma.ramos@example.com","{""username"":""brownwolf405"",""password"":""zorro1"",""salt"":""xeRSBwkE"",""md5"":""77a7a3d9d67952f9d9450789e396ae4c"",""sha1"":""1704da69572de9d00ca000ae5d44c081a4b1bc53"",""sha256"":""9c97308f2db6d5fcba419aab2e5818b41a75b1b80049f27e406980278305d628""}","1981-03-25 19:01:42","2008-03-09 20:02:38","01360 21499","0719-644-541","{""name"":""NINO"",""value"":""EA 63 24 09 X""}","{""large"":""https://randomuser.me/api/portraits/women/67.jpg"",""medium"":""https://randomuser.me/api/portraits/med/women/67.jpg"",""thumbnail"":""https://randomuser.me/api/portraits/thumb/women/67.jpg""}","GB"
"female","{""title"":""ms"",""first"":""lieselotte"",""last"":""böttcher""}","{""street"":""9981 buchenweg"",""city"":""hamm"",""state"":""rheinland-pfalz"",""postcode"":53418}","lieselotte.böttcher@example.com","{""username"":""crazybutterfly425"",""password"":""chunky"",""salt"":""YeFviFNS"",""md5"":""f5e219157d5361bca538ba5ef5576561"",""sha1"":""771cffebd9d9e01ed0048c8de3850f67e02ef258"",""sha256"":""0e5570d52d1bcc27b0ec8f941a56a1b8de2708f3152d52017e2497bea9c30278""}","1964-02-24 11:40:43","2006-09-13 06:48:48","0224-2721445","0179-5487456","{""name"":"""",""value"":null}","{""large"":""https://randomuser.me/api/portraits/women/68.jpg"",""medium"":""https://randomuser.me/api/portraits/med/women/68.jpg"",""thumbnail"":""https://randomuser.me/api/portraits/thumb/women/68.jpg""}","DE"
"male","{""title"":""mr"",""first"":""felix"",""last"":""brown""}","{""street"":""9787 mcgowen st"",""city"":""allentown"",""state"":""louisiana"",""postcode"":30843}","felix.brown@example.com","{""username"":""smallelephant185"",""password"":""kevin"",""salt"":""jDZiYKge"",""md5"":""7f532ec2413505ac57d51168c7373378"",""sha1"":""db7bacf061a8445c4b543368b3197e4afd76198b"",""sha256"":""8c6c567e94cb34265bd7b80386a95784179201f061ccb0f307c391ad92445dae""}","1975-10-29 05:48:31","2013-10-25 19:46:01","(306)-086-8441","(089)-243-8711","{""name"":""SSN"",""value"":""359-26-5431""}","{""large"":""https://randomuser.me/api/portraits/men/77.jpg"",""medium"":""https://randomuser.me/api/portraits/med/men/77.jpg"",""thumbnail"":""https://randomuser.me/api/portraits/thumb/men/77.jpg""}","US"
"male","{""title"":""mr"",""first"":""ernest"",""last"":""barrett""}","{""street"":""1856 queen street"",""city"":""londonderry"",""state"":""county tyrone"",""postcode"":""Y73 5EY""}","ernest.barrett@example.com","{""username"":""goldenpeacock949"",""password"":""puffer"",""salt"":""7vrx8sM6"",""md5"":""72238a467f741534c35d474b07f6c576"",""sha1"":""5bee13dddd1b00ad93ec7401ffb4dd8c10cad24a"",""sha256"":""42c8df40624fb16082ee1216831330c51702489a51433a540a6dfe1d2972f6a7""}","1970-11-12 04:28:26","2004-09-13 23:55:43","015242 00904","0720-812-998","{""name"":""NINO"",""value"":""WM 20 61 82 N""}","{""large"":""https://randomuser.me/api/portraits/men/83.jpg"",""medium"":""https://randomuser.me/api/portraits/med/men/83.jpg"",""thumbnail"":""https://randomuser.me/api/portraits/thumb/men/83.jpg""}","GB"